<?xml version="1.0" encoding="UTF-8"?>
<project-private xmlns="http://www.netbeans.org/ns/project-private/1">
    <editor-bookmarks xmlns="http://www.netbeans.org/ns/editor-bookmarks/2" lastBookmarkId="0"/>
    <open-files xmlns="http://www.netbeans.org/ns/projectui-open-files/2">
        <group>
            <file>file:/E:/DualAccessControl/build/web/processdecrypt.jsp</file>
            <file>file:/E:/DualAccessControl/build/web/updatesuccess.jsp</file>
            <file>file:/E:/DualAccessControl/build/web/updateaccesscontrol.jsp</file>
            <file>file:/E:/DualAccessControl/build/web/processtransfer.jsp</file>
            <file>file:/E:/DualAccessControl/build/web/updatefailure.jsp</file>
            <file>file:/E:/DualAccessControl/web/index.html</file>
            <file>file:/E:/DualAccessControl/src/java/RemoveAccess.java</file>
            <file>file:/E:/DualAccessControl/build/web/userpage.jsp</file>
            <file>file:/E:/DualAccessControl/build/web/deleteuserpage1.jsp</file>
            <file>file:/E:/DualAccessControl/src/java/DownloadFile.java</file>
            <file>file:/E:/DualAccessControl/build/web/downloadfailure.jsp</file>
            <file>file:/E:/DualAccessControl/build/web/dataownerlogin.jsp</file>
            <file>file:/E:/DualAccessControl/build/web/index.html</file>
            <file>file:/E:/DualAccessControl/web/images/pix3.jpg</file>
            <file>file:/E:/DualAccessControl/build/web/ownerpage.jsp</file>
            <file>file:/E:/DualAccessControl/build/web/dataownerregister.jsp</file>
            <file>file:/E:/DualAccessControl/build/web/deleteuserpage2.jsp</file>
            <file>file:/E:/DualAccessControl/build/web/cloudserverlogin.jsp</file>
            <file>file:/E:/DualAccessControl/src/java/SendSms.java</file>
            <file>file:/E:/DualAccessControl/build/web/userlogin.jsp</file>
            <file>file:/E:/DualAccessControl/build/web/processdecrypt1.jsp</file>
            <file>file:/E:/DualAccessControl/build/web/processtransfer1.jsp</file>
            <file>file:/E:/DualAccessControl/build/web/success.jsp</file>
            <file>file:/E:/DualAccessControl/web/images/home%20owner.jpg</file>
            <file>file:/E:/DualAccessControl/web/images/pix1.jpg</file>
            <file>file:/E:/DualAccessControl/src/java/UserRegister1.java</file>
            <file>file:/E:/DualAccessControl/build/web/failure.jsp</file>
            <file>file:/E:/DualAccessControl/build/web/receiveddata.jsp</file>
            <file>file:/E:/DualAccessControl/build/web/viewdatarequest.jsp</file>
            <file>file:/E:/DualAccessControl/src/java/Fileupload.java</file>
            <file>file:/E:/DualAccessControl/build/web/index.jsp</file>
            <file>file:/E:/DualAccessControl/web/WEB-INF/web.xml</file>
            <file>file:/E:/DualAccessControl/web/images/hosting-cloud-computing.jpg</file>
            <file>file:/E:/DualAccessControl/build/web/uploadsuccess.jsp</file>
            <file>file:/E:/DualAccessControl/build/web/downloaddata.jsp</file>
            <file>file:/E:/DualAccessControl/web/images/pix2.jpg</file>
            <file>file:/E:/DualAccessControl/build/web/serverpage.jsp</file>
            <file>file:/E:/DualAccessControl/web/serverpage.jsp</file>
            <file>file:/E:/DualAccessControl/web/processdecrypt1.jsp</file>
            <file>file:/E:/DualAccessControl/src/java/ProcessDecryptRequest.java</file>
            <file>file:/E:/DualAccessControl/web/userlogin.jsp</file>
            <file>file:/E:/DualAccessControl/src/java/OwnerRegister1.java</file>
            <file>file:/E:/DualAccessControl/build/web/datatransfer.jsp</file>
            <file>file:/E:/DualAccessControl/build/web/downloadtransfer.jsp</file>
            <file>file:/E:/DualAccessControl/build/web/receiveddata1.jsp</file>
            <file>file:/E:/DualAccessControl/src/java/ServerLogin.java</file>
            <file>file:/E:/DualAccessControl/src/java/DecryptRequest.java</file>
            <file>file:/E:/DualAccessControl/build/web/viewsharekey.jsp</file>
            <file>file:/E:/DualAccessControl/build/web/viewsharekey1.jsp</file>
            <file>file:/E:/DualAccessControl/build/web/userregister.jsp</file>
            <file>file:/E:/DualAccessControl/build/web/META-INF/MANIFEST.MF</file>
            <file>file:/E:/DualAccessControl/web/index.jsp</file>
            <file>file:/E:/DualAccessControl/build/web/success1.jsp</file>
            <file>file:/E:/DualAccessControl/web/cloudserverlogin.jsp</file>
            <file>file:/E:/DualAccessControl/build/web/deleteuserpage.jsp</file>
        </group>
    </open-files>
</project-private>
